{"cameraMode":{"drawMode":0,"name":"Shaded","section":"Shading Mode"},"sceneLighting":false,"audioPlay":false,"sceneViewState":{"m_AlwaysRefresh":false,"showFog":true,"showSkybox":false,"showFlares":true,"showImageEffects":true,"showParticleSystems":true,"showVisualEffectGraphs":true,"m_FxEnabled":true},"in2DMode":false,"pivot":{"x":0.5329269170761108,"y":0.9089870452880859,"z":0.09931778907775879},"rotation":{"x":0.19898143410682679,"y":0.2169804573059082,"z":-0.045227937400341037,"w":0.9546099901199341},"size":1.9137656688690186,"orthographic":true}